업체명,웹사이트,이메일,상태
농업회사법인장흥식품,http://www.jangheungfood.co.kr/,djchun0425@hanmail.net,성공
농업회사법인꼬숨식품(주),https://www.kkosum.com/,kkosum@kkosum.com,성공
(주)코리아푸드,https://koreafood.kr/,korea0668@naver.com,성공
MoiFood,http://moifooden.com/,moifoodinc@naver.com,성공
(주)아하식품,http://www.ahafood.co.kr/,ahamandoo@naver.com,성공
아리김,http://www.arifood.co.kr/,juhee9851@gmail.com,성공
농업회사법인(유)아리랑식품,https://www.arirangfood.co.kr/,arirang0173@hanmail.net; sje4400@naver.com,성공
비비푸드,http://www.bbfood.co.kr/,sjh1511@bbfood.co; sjh1511@bbfood.co.kr; syh1511@nate.com,성공
주식회사 베베푸드코리아,http://www.bebefood.co.kr/,baby1@bebefood.co.kr,성공
(주)벨리푸드,https://www.belliefood.co.kr/,belliefood@bellie.co.kr,성공
강릉부일한과,https://www.booilfood.co.kr/,lkbwhite@naver.com,성공
부부식품,https://www.bubufood.com/,rkawk110@naver.com,성공
농업회사법인(주)창창푸드,https://www.changchang.co.kr/,kind_mrpark@naver.com,성공
(주)청산에식품,https://chungsanea.com/,chungsanea-wook@naver.com; chungsanea@hanmail.net,성공
(주)대영푸드시스템,http://www.dfood.co.kr/,foodmaster@dfood.co.kr,성공
(주) 대디푸드,https://daddyfoodshop.co.kr/,admin@daddyfood.co.kr,성공
대도식품,https://www.daedofood.com/,yestodoy18@naver.com,성공
(주)대호식품,https://daehofood.co.kr/,contact@daehofood.co; contact@daehofood.co.kr; daeho2030@naver.com; yspark@daehofood.co.kr,성공
대륙식품,http://www.daeryukfood.com/,bsh@picosoft.kr; drfoc21@hanmail.net,성공
(유)다해식품,http://www.dahaefood.com/,dahaefood@naver.com,성공
(주)단미푸드,https://danmeefood.com/,danmeefood@naver.com,성공
주식회사 동해식품,https://donghaefood.co.kr/,dhfood@donghaefood.co.kr,성공
동화푸드,http://www.donghwafood.co.kr/,ljy6622@naver.com,성공
(주)두손푸드,https://www.doosonfood.co.kr/,dsfd1588@doosonfood.co.kr,성공
엠케이씨푸드,https://www.seafood.co.kr/,mk@seafood.co.kr,성공
(주)금방에프엔비,https://www.foodone.co.kr/,sinukayu@hanmail.net,성공
(주)푸드코아,https://www.foodcore.co.kr/,foodoffice@foodcore.kr; help@goodymall.co.kr; joyoffice@joy-food.kr; t_edps@foodcore.kr,성공
농업회사법인 주식회사 푸드파파 에프앤비,https://www.foodfafa.com/,365foodfafa@naver.com,성공
푸드믹스,https://www.foodmix.co.kr/,foodmix_korea@naver.com,성공
(주)푸드엠코리아,http://www.foodmkorea.com/,foodmkorea@naver.com,성공
푸드나무,http://foodnamoo.com/,hello@foodnamoo.com,성공
푸드로,https://foodro.net/,foodro8118@hanmail.net,성공
(주)푸드웨어,https://www.foodware.co.kr/,damdoo@foodware.co.kr; global@foodware.co.kr; tomato@heymeal.co.kr,성공
농업회사법인 주식회사 가고파힐링푸드,https://www.gagopahealingfood.co.kr/,kangwon-han@hanmail.net,성공
김부자푸드 주식회사,https://gimbujafood.com/,taesick2001@naver.com,성공
대영식품,https://www.daeyoungfoods.co.kr/,kyktrade@daeyoungfoods.co.kr,성공
글로벌 냉동식품,http://globalfoodkorea.com/,joyo00@nate.com;,성공
갓바위식품(주),https://www.godbawee.com/,godbaweekim@naver.com,성공
고군산푸드,http://www.gogunsanfood.com/,apsinje@naver.com,성공
고향반찬,http://www.gohyangfood.com/mobile/,gohyangfood@naver.com,성공
공식품 영농조합법인,https://www.gongfoodkorea.com/,5c5@daum.net,성공
고시산푸드,http://www.gosisanfood.com/,anjun5855@hanmail.net,성공
관주식품,http://www.gwanjufood.co.kr/,opkl0211@naver.com,성공
(주)교동씨엠,https://www.gyodong.co.kr/,mail@gyodong.co.kr,성공
주식회사 해마푸드,https://www.haemafood.com/,haema5524@naver.com,성공
(주)해농,https://www.haenong.com/,master@haenong.com,성공
농업회사법인 한백식품(주),http://www.hanbaekfood.com/,export@hanbaekfood.com,성공
(주)한식품,http://hanfoods.co.kr/,gomtom@naver.com,성공
(주)한진식품,https://www.hanjinfood.co.kr/,hanjinfood7@naver.com,성공
한칼식품,https://hankalfood.com/,cs7715@hanmail.net,성공
한성푸드영농조합법인,http://www.hansungfood.co.kr/,hansungfood0413@naver.com,성공
한울식품,http://www.hanulfood.co.kr/,jys0293@hanmail.net,성공
농업회사법인 호정식품(주),https://www.hojeongfood.com/,hojeong@hojeong.kr,성공
홍일식품,http://hongil.net/,hongge1@naver.com,성공
(주)하우스원푸드,https://www.houseonefood.com/,houseonefood2014@naver.com,성공
효천푸드,https://www.hyocheon.co.kr/,hyoc03@naver.com,성공
(주)아이씨푸드,http://www.icfood.com/,webmaster@icfood.com,성공
이노푸드코리아,https://www.innofoodkorea.net/,innofoodkorea1@naver.com,성공
(주)아이작,https://www.isaacfood.com/,isaac@isaacfood.com,성공
장푸드,https://jangfood.net/,jangfood_1@naver.com,성공
(주)정화,http://jeonghwa.kr/,ckmj0101@naver.com; junghwaco14@naver.com,성공
정든식품,https://jeongdeunfood.com/,niyok@naver.com,성공
질마재푸드영농조합법인,https://www.jilmajae.com/,hmj8060@naver.com,성공
진양식품(주),https://www.jinyangfood.co.kr/,ejinyang2002@hotmail.com,성공
진양식품(주),https://www.jinyangfood.co.kr/,ejinyang2002@hotmail.com,성공
제이엘푸드,https://www.jlfood.co.kr/,help@goodymall.co.kr; zyani1@naver.com,성공
중앙식품주식회사,https://www.jungangfood.co.kr/,syp0511@empas.com,성공
주신수산식품(주),http://www.jusinfoods.com/,hsclkim@jusinfoods.kr,성공
(주)코리아푸드,https://koreafood.kr/,korea0668@naver.com,성공
금복식품,https://kumbokfood.com/,kumbokfood@naver.coom,성공
마블러스푸드,http://www.marblusfood.co.kr/,marblus@hanmail.net,성공
맛다올푸드,https://www.matdaallfood.com/,hao5241@matdaallfood.com,성공
(주)메카상사,http://www.mekka.co.kr/,mkss1949@naver.com,성공
(주)미정,http://www.mijungdang.com/,mj-food@hanmail.net,성공
미미사푸드,http://www.mimisafood.net/,zhengjie530@naver.com,성공
(주)미송웰푸드,https://www.misongwellfood.com/,biz@misongwellfood.com,성공
(주)모아글로벌,https://moafood.co.kr/,moaglobal@moafood.co.kr,성공
못난이푸드,https://monnanifood.co.kr/,born60@naver.com,성공
달맞이자연식품,https://www.moonhillfood.com/,moonhillfood@naver.com,성공
주식회사농부,https://www.nbfood.co.kr/,nbfood@nbfood.co.kr,성공
(주)나드리푸드,https://www.nadrifood.co.kr/,jenter74@naver.com,성공
나눔공동체,http://www.nanumfood.co.kr/,nanumfood0282@hanmail.net,성공
(주)나래,http://www.narae.co.kr/,admin@narae.co.kr,성공
(주)앤디케이식품,http://ndkfood.com/,ndkfood3000@ndkfood.com,성공
농업회사법인 남해섬흑마늘(주),https://www.nhsfood.co.kr/,nhsfood@naver.com,성공
현대농원 농업회사법인 주식회사,https://www.nicefood.kr/,bookstand@naver.com,성공
(주)소담푸드,http://www.sodamfood.co.kr/,sodamfood2016@naver.com,성공
(주)농가식품,http://nonggafood.co.kr/,nonggafood2021@naver.com,성공
주식회사푸건,https://pugeonfood.com/,pugenonfood@naver.com,성공
풍미식품,https://www.pungmi.co.kr/,soo2753@naver.com,성공
새한식품,http://www.saehanfood.net/,saehan4070@naver.com,성공
사임당푸드(영),http://www.saimdangfood.co.kr/,sdf5986@nate.com,성공
삼보푸드,https://www.sambofood.com/,https://www.sambofood.com/,성공
삼이야 푸드,http://www.samiya.co.kr/,mylove2208@naver.com,성공
삼진식품(주),https://www.samjinfood.com/,samjinorder@daum.net,성공
(주)삼선식품,http://samsunfood.com/,samsunfood@hanmail.net,성공
삼성식품,http://samsungfood.co.kr/,yuno4583@hanmail.net,성공
주식회사 산들바람식품 농업회사법인,https://www.sandeulbaram.com/,sandle1136@naver.com,성공
(주)산돌식품,https://www.sandolfood.co.kr/,sandolfood@naver.com,성공
(주)서라벌푸드,https://www.seolabolfood.com/,jun335947@naver.com,성공
섬바다식품,https://www.seombada.com/,jr8812@nate.com,성공
세연푸드,http://seyeonfood.com/,seyeon333@naver.com,성공
심천본사쇼핑몰,https://www.simcheon.co.kr/,sch2368@daum.net,성공
신송식품,https://www.singsongfood.com/,masterss@singsong.co.kr,성공
신우식품,http://www.sinwoofood.kr/,sinwoo.official@gmail.com,성공
소담푸드,http://www.sodamfood.co.kr/,sodamfood2016@naver.com,성공
송화식품 주식회사,http://www.songhwa.co.kr/,songhwa@songhwa.co.kr,성공
스타푸드,https://www.starfood.co.kr/,foodbank851@duam.net,성공
성연식품(주),https://www.sungyeon.co.kr/,cbshil@hanmail.net,성공
더초록식품,http://www.thechorok.com/,whcbw@wonheetrading.com,성공
(주)토리식품,https://www.toryfood.com/,toryfood@naver.com,성공
(주)원일식품,https://www.wonilfood.com/kr/index.php,sale@wonilfood.com,성공
우주아이엔티,https://www.woojufood.co.kr/,wooju1538@naver.com,성공
우영식품,http://www.wooyoungfood.co.kr/,wooyoungfood89@naver.com,성공
와이제이푸드,http://www.yjfood.co.kr/,yjf4300@gmail.com,성공
(주)양원농장농업법인회사,https://www.yangwonfood.com/,sunchengji@hotmail.com; yangwon-food@hanmail.net,성공
(주)예주식품,https://www.yejufood.co.kr/,mimiso70@hanmail.net,성공
예맛푸드,https://www.yemat.com/,sales@yemat1004.com,성공
양포어장,https://www.ypseafood.com/,kclef@naver.com,성공
주식회사 주비푸드,https://www.zoobee.co.kr/,zoobeefoods@naver.com,성공
