업체명,웹사이트
농업회사법인장흥식품,http://www.jangheungfood.co.kr/
"AGRICULTURAL JEONG FOOD KOREA CO.,LTD.",http://www.jeong.co.kr/
"AGRICULTURAL JEONGSEON FOOD FARM CO.,LTD.",http://www.jeongseon.co.kr/
"AGRICULTURAL KKOSUM FOOD CO,.LTD.",https://www.kkosum.com/
"AGRICULTURAL KOREA FOOD CO.,LTD.",https://koreafood.kr/
"AGRICULTURAL YELLOW FOOD CORPORATION.,LTD.",https://www.yellowfood.co.kr/
Agriculture company corporation Moi Food,https://www.agriculture.com/
AHAFOOD.CO.LTD,http://www.ahafood.co.kr/
"ARI FOOD CO.,LTD.",http://www.arifood.co.kr/
ARIRANG FOOD CO.,https://www.arirangfood.co.kr/
"ASIAN FOOD KEONNAEKTEU CO.,LTD.",http://www.asian.co.kr/
BBFOOD,http://www.bbfood.co.kr/
"BEBEFOOD KOREA CO.,LTD",http://www.bebefood.co.kr/
"Bellie Food Co.,Ltd.",https://www.belliefood.co.kr/
BOGAM FOOD,https://domainagents.com/offer/bogam.co.kr?ncb=false&dns=1&code=675d3114cb8f4f264639a518adf52e44
Booil Food,https://www.booilfood.co.kr/
bubufood,https://www.bubufood.com/
"CHAMBAREUN FOOD CO.,LTD.",http://www.chambareun.co.kr/
"Changchang Food Agricultural Co.,Ltd.",https://www.changchang.co.kr/
Charm Food Farm Gyeongsan Branch,https://www.charm.com/
"CHEIL GENERAL FOOD IND,.CO",http://www.cheil.co.kr/kr
"CHEONGA GOOD FOOD CO.,LTD.",http://www.cheonga.co.kr/
Chung woo food company,http://www.chung.net/
"CHUNG-A FROZEN FOODS CO.,LTD.",http://www.chung.net/
Chung-O Food Inc.,http://www.chungo.com/home/
"Chungsanea Food Co.,Ltd.",https://chungsanea.com/
"clean Foods Factory Co., Ltd.",https://www.clean.co.kr/
Cuckoo Food & Beverage Corporation,https://www.cuckoo.co.kr/
"D & Food Co.,Ltd.",http://www.dfood.co.kr/
Daddyfood,https://daddyfoodshop.co.kr/
"DaeDo Food Co.,Ltd",https://www.daedofood.com/
"DAEDOO FOODS CO., LTD.",http://www.daedoo.kr/
"DAEHO FOOD CO.,LTD.",https://daehofood.co.kr/
"Daemyung Dried Food Co.,Ltd.",https://www.sonohotelsresorts.com/
"DAERYUK FOOD CO.,LTD.",http://www.daeryukfood.com/
DAESAN FOOD FARMING ACCOUNTING CORP.,https://www.daesan.or.kr
"DAESEONG MEDI FOOD AGRICULTURAL CO.,LTD.",http://daeseong.co.kr/
"Daeyoung Fishery Foods Co., Ltd.",http://www.daeyoung.co.kr/
DAHAE FOOD INC.,http://www.dahaefood.com/
DAICHI FOOD,https://www.daichi.com/
"DANMI FOOD CO.,LTD.",http://www.danmi.net/
"Donghae Food Co.,Ltd.",https://donghaefood.co.kr/
"Donghae Foods Co.,Ltd.",https://donghaefood.co.kr/
Donghwa Food,http://www.donghwafood.co.kr/
"Dooson Food Co.,Ltd.",https://www.doosonfood.co.kr/
DSHOMEFOOD,http://dshomefood.com/
EASTERN FOOD INC.,http://www.easternfood.com/
"Eco J Food Co.,Ltd.",http://www.ecoj.net/
EN FOOD Inc.,http://www.enfood.kr/
"Face Food Co,.Ltd.",http://www.facefood.co.kr/
Farming Association Chunhyang Food,http://www.chunhyang.co.kr/
"Feelgen KOREA FOOD CO.,LTD.",https://domains.atom.com/lpd/name/FeelGen.com
"FIRST MK FOOD CO.,LTD.",https://first.com/
"Fishing corporation K Food Co., Ltd.",http://www.fishingk.com/
"FOOD ARENA CO.,LTD.",https://www.arena.co.kr/
Food culture lab,https://culturelab.com/
"Food Machine Korea Co.,Ltd.",https://www.foodmachinekorea.kr/
FOOD ONE INC.,https://www.foodone.co.kr/
foodchain,https://foodchain.com/
FOODCONNECT,http://www.foodconnect.co.kr/
"FOODCORE Co., Ltd.",https://www.foodcore.co.kr/
"FoodFaFa Food and Bio , an agricultural corporation",https://www.foodfafa.com/
FoodMix Co.,https://www.foodmix.co.kr/
"FOODMKOREA CO.,LTD.",http://www.foodmkorea.com/
"FOODNAMOO, INC.",http://foodnamoo.com/
"Foodro Co.,Ltd.",https://foodro.net/
"FOODWARE CO., LTD.",https://www.foodware.co.kr/
G-FOOD,http://www.gfood.kr/
"Gagopa Healing Food Agricultural Co.,Ltd.",https://www.gagopahealingfood.co.kr/
GEOSEONG FOOD CO.,http://www.geoseong.co.kr/kor/index.do
Geumjin Food,http://www.geumjin.co.kr/
"GIMBUJA FOOD CO.,LTD.",https://gimbujafood.com/
"Global Dae Hyun Food Co.,Ltd.",https://global.com/
"Global Food Korea Co,.Ltd",http://globalfoodkorea.com/
"Godbawee Food Co.,Ltd.",https://www.godbawee.com/
gogunsanfood,http://www.gogunsanfood.com/
"Gohyang Food Co., Ltd.",http://www.gohyangfood.com/mobile/
GONG FOOD KOREA,https://www.gongfoodkorea.com/
Good Friends Food,https://www.goodfriendsfood.com/
gosisanfood,http://www.gosisanfood.com/
"GWANGJIN FOOD CO.,LTD.",http://www.gwangjin.com/
"GWANJU FOOD AGRICULTURAL CO.,LTD.",http://www.gwanjufood.co.kr/
GYODONG FOOD,https://www.gyodong.co.kr/
"HAEMA FOOD Co., Ltd.",https://www.haemafood.com/
"HAENONG FOOD CO., LTD.",https://www.haenong.com/
"HAN-BAEK FOOD AGRICULTURAL CO.,LTD.",http://www.hanbaekfood.com/
"Hanbada Food Co.,Ltd.",https://www.hanbada.kr/
"HANFOODS Co., LTD.",http://hanfoods.co.kr/
"Hanjin Food Co.,Ltd.",https://www.hanjinfood.co.kr/
HanKal Food Co.,https://hankalfood.com/
hankuk food company,http://www.hankuk.co.kr/
"HANSARANG FOOD CO.,LTD.",http://www.hansarang.co.kr/
"Hansung Food co., ltd.",http://www.hansungfood.co.kr/
hanulfood,http://www.hanulfood.co.kr/
HANUMUL FOOD CO.,https://hanumul.co.kr/_new/index.asp
Healthy Food Cooperative,https://healthy.net/
"HOHYUN FOOD & CONSULTING CO.,LTD.",http://www.hohyun.co.kr/
HOJEONG FOOD CO.,https://www.hojeongfood.com/
HONGIL FOOD Co.,http://hongil.net/
HoSu Food corp.,https://www.hosu.kr/
"House One Food Co., Ltd.",https://www.houseonefood.com/
HWANAM FOOD INDUSTRIAL CO.,http://www.hwanam.kr/
Hwang Sooyeon Traditional Food Farming Association Corp.,http://www.hwang.co.kr/
Hyocheon Food,https://www.hyocheon.co.kr/
ICFOOD,http://www.icfood.com/
"Inno Food Korea Co.,Ltd.",https://www.innofoodkorea.net/
"INSAENG FOOD CO.,LTD.",http://www.insaeng.co.kr/
"Isaac Food Co.,Ltd.",https://www.isaacfood.com/
JANGFOOD,https://jangfood.net/
"JEJU NATURAL FOODS CO.,LTD.",https://www.jeju.com/
Jeong Food Co.,http://www.jeong.co.kr/
"JEONG HWA FOODS CO., LTD.",http://jeonghwa.kr/
Jeongdeun Foods,https://jeongdeunfood.com/
"JEONGSIM FOOD CO.,LTD.",https://www.jeongsim.com/
JILMAJAE FOOD FARMING ASSOCIATION,https://www.jilmajae.com/
Jinsan Food Company 2,http://www.jinsan.co.kr/
JINYANG FOOD,https://www.jinyangfood.co.kr/
JINYANG SEAFOOD INC,https://www.jinyangfood.co.kr/
"JISAN FOOD SYSTEM CO.,LTD.",https://www.swrobot.com/
JIwoon Food,https://www.jiwoon.co.kr/
"JL FOOD CO.,LTD.",https://www.jlfood.co.kr/
"Joeun Food Tech Co.,Ltd.",https://www.joeuntech.co.kr/
JSY Food Company Limited,http://www.jsy.kr/
"JUNGANG FOOD CO.,LTD.",https://www.jungangfood.co.kr/
"JUSIN FOODS CO., LTD",http://www.jusinfoods.com/
"K FOOD ING CO.,LTD.",http://kingfood.co.kr/
K-Food Solution,http://www.ksolution.co.kr/
"KangFood Co., Ltd.",http://www.kangfood.com/
"Kkoh Shaem Food Co.,Ltd.",https://www.kkoh.com/
KOREA AGRIFOOD LAB,https://www.korea.kr/
KOREA ENTERAL FOODS,https://www.korea.kr/
"KOREA FOOD CO.,LTD.",https://koreafood.kr/
"Korea Food Tech Co., Ltd.",http://koreatech.kr/
"KOREA PET FOOD CO.,LTD.",http://www.koreapet.kr/
KUMBOKFOOD CO.,https://kumbokfood.com/
"Kyeong-cheon foods co., LTD",http://www.kyeongcheon.com/main/index
"marblus food co.,ltd",http://www.marblusfood.co.kr/
MAT DA ALL FOOD,https://www.matdaallfood.com/
mayfood,https://mayfood.com/
"MD Food System Co.,Ltd.",https://www.mdsystem.co.kr/
MEKKA WORLD FOOD CORP.,http://www.mekka.co.kr/
"MIJUNG FOOD CO., LTD.",http://www.mijungdang.com/
"MILTORI FOOD CO.,LTD.",https://miltori.com/
"Mimisa Food Co., Ltd",http://www.mimisafood.net/
MISONGWELL FOOD CO.,https://www.misongwellfood.com/
MJD cheonma Food.,https://www.mjd.co.kr/
"MOA FOOD CO.,LTD.",https://moafood.co.kr/
MONNANIFOOD INC.,https://monnanifood.co.kr/
Moonhill Food,https://www.moonhillfood.com/
N&B FOOD,https://www.nbfood.co.kr/
"Nadri Food Co.,Ltd.",https://www.nadrifood.co.kr/
NANOOM FOOD INC.,https://nanoomfood.com/
"NANUM FOOD Co., Ltd.",http://www.nanumfood.co.kr/
NARAE STOCKFISH FOOD CO.,http://www.narae.co.kr/
nature food,https://www.nature.co.kr/
"Natures Best Foods Co.,Ltd.",https://natures.com/password
NDK FOOD CORPORATION,http://ndkfood.com/
NHS Food Inc.,https://www.nhsfood.co.kr/
"NICE FOOD Co.,Ltd.",https://www.nicefood.kr/
NKFOOD,https://nkfood.com/
NONGEOPHOESABEOPIN SODAM FOOD INC.,http://www.sodamfood.co.kr/
"NONGGA FOOD CO.,LTD.",http://nonggafood.co.kr/
OKHWA FOOD CO.,https://www.okhwa.com/
"PHARMACOFOOD CO.,LTD.",https://pharmacofood.hu/
"POHANG WELLBING FOOD CO.,LTD.",http://www.pohang.com/
"POONG KUK FOOD Co., Ltd",http://poongkuk.co.kr/
"Pugeon Food Co.,Ltd.",https://pugeonfood.com/
PUNGMI FOOD,https://www.pungmi.co.kr/
Saehan Food Co.,http://www.saehanfood.net/
"SaimdangFood Co.,Ltd",http://www.saimdangfood.co.kr/
Sam-O Foods,http://www.samofood.com/
SAMBOFOOD,https://www.sambofood.com/
SAMiya Food,http://www.samiya.co.kr/
samjin food,https://www.samjinfood.com/
"Samo General Food Co.,Ltd.",http://www.samo.co.kr/
Samsunfood,http://samsunfood.com/
Samsung Foods Co.,http://samsungfood.co.kr/
"SANDEULBARAM FOODS CO.,LTD.",https://www.sandeulbaram.com/
sandolfood,https://www.sandolfood.co.kr/
seolabol food corp,https://www.seolabolfood.com/
Seombada Food,https://www.seombada.com/
SEOUL FOOD CO.,https://www.seoul.co.kr:443/
"SEOUL FOOD CO.,LTD.",https://www.seoul.co.kr:443/
"Seoul food R&D Co., Ltd.",https://www.seoul.co.kr:443/
SEYEONFOOD,http://seyeonfood.com/
SIMCHEON FOOD,https://www.simcheon.co.kr/
SINGSONG FOOD CORPORATION,https://www.singsongfood.com/
Sinwoo Food Corporation,http://www.sinwoofood.kr/
sodamfood,http://www.sodamfood.co.kr/
SONG HWA FOOD CO.,http://www.songhwa.co.kr/
sonsu food,https://domainagents.com/offer/sonsu.com?ncb=false&dns=1&code=940a7011796c1b1c04906e22197f2306
SOUL FOOD INC.,https://soulfood.com
"SPERANZA GREEN FOODS. CO., LTD",https://www.speranza.co.kr/
"Star Food Co.,Ltd.",https://www.starfood.co.kr/
"SULSUNG FOOD Co., Ltd",http://www.sulsung.co.kr/
sungjin whole foods,http://sungjin.com/
"SUNGYEON FOOD CO.,LTD.",https://www.sungyeon.co.kr/
"Taewon Food Industry Co., Ltd",http://www.taewon.com/
"Taewoong food co.,Ltd.",http://www.taewoong.com/
"The Chorok Food Co., Ltd.",http://www.thechorok.com/
THE MORE FOOD CO.,http://www.themore.kr/
"THE NAEUN FOOD CO.,LTD.",http://www.thenaeun.co.kr/
"TORY FOOD CO.,LTD.",https://www.toryfood.com/
Whawoon Food,http://www.whawoon.com/
WONGYEONG FOOD CO.,https://wongyeong.com/
"Wonil Food Co., Ltd",https://www.wonilfood.com/kr/index.php
"WOOJUFOOD CO.,LTD.",https://www.woojufood.co.kr/
WOOYOUNGFOOD,http://www.wooyoungfood.co.kr/
"Y & J FOOD. CO.,LTD.",http://www.yjfood.co.kr/
Yangpum Food,https://www.yangpum.com/
Yangwonfood,https://www.yangwonfood.com/
Yejeon Food,http://www.yejeon.kr/
"YEJU FOOD CO.,LTD.",https://www.yejufood.co.kr/
YEMAT FOODS,https://www.yemat.com/
"YP SEAFOOD Co.,Ltd.",https://www.ypseafood.com/
"ZOOBEE FOODS CO., LTD",https://www.zoobee.co.kr/
